{
    "offset": [-0.00411179, -0.16229463,  9.73494084],
    "gains": [1.004352956783392, 1.0048621553145678, 1.0],
    "angles": [-0.00013014404704852112, -1.5916878246580541, -89.99544557473384]
}
