{
    "offset": [-0.11411178872940386, -0.14229462696955775, 9.734940837024975],
    "gains": [1.004352956783392, 1.0048621553145678, 1.0],
    "angles": [-0.00013014404704852112, -1.5916878246580541, -89.99544557473384]
}